State Name,Non-Elderly Population,Non-Elderly Uninsured Population,Non-Elderly Percent Uninsured,HIU Income < 100% FPL,HIU Income 100-138% FPL,HIU Income 139-249% FPL,HIU Income 250-400% FPL,HIU Income 400% FPL,Age 0-18,Age 19-34,Age 35-49,Age 50-64,Male,Female,Less than High School,High_School,College Grad,Spanish/Hispanic/Latino Origin,White Non-Latino,Black Non-Latino,Asian / Native-Hawaiian / Pac Islander,American Indian / Alaska Native,Multi-racial or Other,Internet Access in HH,Cellular data plan for mobile device in HH,High Speed Internet service in HH,SNAP Recipient,Disabled,Full-time Worker in Family,"Self-Employed, Incorporated","Self-Employed, Unincorporated",No English Speaking Adults in HH,English Speaker,Other Language Spoken in HH,Non-Elderly Unisured Population,Total Children,Total married,Industrial Employed
ALABAMA,0.036673595509847313,0.6573198918776757,1.2796415568738604,1.3278159900285833,1.1545486210970544,0.3714071719478485,0.2159990290101296,-0.1702549980951974,0.054409891297313016,0.8526612011635649,0.6878632514805288,0.6206086100569864,0.5736279507963277,0.7677576247914046,0.7112130175810221,0.8374671472596504,-0.1244798465994459,-0.19808892799716782,0.791721499128022,1.6580245345290892,-0.4070840255989719,-0.30760601208273997,0.24989428029774943,0.5911691078310984,0.5383672890577661,0.3202834334727748,1.5196183795854012,1.389181235079629,0.48210229943448296,0.05526321897218415,0.43419646121097305,-0.21068528404483303,0.9065571024664704,-0.6475067500518766,"5,21,500",0.35177543900582137,0.5860551494063202,0.6243063675117183
ALASKA,-1.003232313368259,-0.9728967257304463,1.0398514971384256,-0.9473102918451589,-1.0586711373958073,-0.9727377126153158,-0.9156423729769596,-0.9108794321053885,-0.965321144931839,-0.9419821080953409,-1.016420831487455,-0.913563178507351,-0.980522310525315,-0.9565869906007727,-1.01335867875798,-0.9561689088464743,-0.8982281812720311,-0.8611832208690431,-0.997644077477995,-0.8643457382437348,-0.5473073963273379,2.3951458416539557,-0.37221648052753037,-0.9784031986326589,-0.9602719142068511,-0.9773688990986442,-0.9376177719261425,-0.9117481808112916,-0.9677198951467839,-1.0650480765282822,-0.948404555323231,-0.8440699151256554,-0.9550081741177902,-0.7339904614117612,"75,000",-1.0279956607547958,-0.9245959296978761,-0.9651491997353195
ARKANSAS,-0.4520352046365503,-0.18462400962385384,0.9713400514997296,-0.09560731079613477,-0.1716608839920534,-0.011798442584849028,-0.22332102999352374,-0.5781681479038873,-0.22097201955601412,-0.12969093355897995,-0.18622236188717098,-0.2428963120937975,-0.1565139838902487,-0.22227189887564705,-0.1424105983237625,-0.09748799294982126,-0.5426056876202858,-0.26104091782677624,-0.1229417980949048,-0.10019603094258443,-0.09859260999656666,-0.3225383427663681,0.05302378636569886,-0.20704129944737493,-0.22048445767752875,-0.35819860628263606,-0.4264986010255998,-0.08466793080620764,-0.2057556749277957,-0.400247967110423,-0.1754921814968183,-0.41221675757054926,-0.12428753162729847,-0.4529183994921363,"2,90,900",-0.09117336112624308,-0.06468685390010281,-0.21872791823269944
COLORADO,0.265738303056853,0.4561442241728436,0.25196987229342505,0.09781582542704388,0.06516224191671585,0.4269866122235833,0.7690716032915146,1.0443690736815159,0.33251835572344535,0.4945328261832481,0.5952126146382064,0.2468782188494337,0.46212223687094023,0.4455228845402613,0.3788982888800819,0.40186981934816296,0.7203929868034883,1.3043652292694863,0.2019264765659891,-0.556657139286192,0.047239695560934,-0.023891729093805044,0.43101513471523595,0.5080665827807502,0.5481319255047276,0.5736055675971399,-0.04886759847021602,0.04468585236994292,0.5728349466051978,1.704952379379464,0.7606439234482157,0.3850506102234929,0.3904478609632818,-0.1358114578392262,"4,66,400",0.46803748849818533,0.7917361040228146,0.47423743706506805
CONNECTICUT,-0.3178699993004284,-0.5851497945098807,-0.9127247035644016,-0.7164848917114209,-0.5634955104956535,-0.6041582665762326,-0.5371210721389904,-0.25912993017642033,-0.7771889484082788,-0.6278695110455658,-0.43247800191544905,-0.5722568851671203,-0.578597759766009,-0.5911572449540337,-0.5030744508001382,-0.6320034555169953,-0.4801023402511912,-0.1277925393541051,-0.7904387997899534,-0.47212730440774614,-0.36782148179502944,-0.6211849564389311,-0.2068452656246079,-0.5258140622046082,-0.5478322699947148,-0.5183957545582192,-0.6056537743309447,-0.6765594841273814,-0.5525349023341931,-0.6341591167204105,-0.5787508113192945,0.11929482095881218,-0.737482096288141,0.07319084461382819,"1,81,200",-0.556221559095699,-0.4469977808426263,-0.5164136724193554
DELAWARE,-0.9534189382974153,-1.0265679111253834,-0.43314458409353174,-0.9815066474205276,-1.1017298875610382,-1.059032106727641,-0.9607511290353704,-0.9655716980015256,-1.1343674664457626,-1.0370161740817376,-0.990819997623129,-0.9323350246410638,-1.025880567037337,-1.022243398802078,-0.9125617942230976,-1.065217213918707,-0.9585762408008122,-0.7552140379892023,-1.0383451141667175,-0.6462587642573445,-0.7043575715431079,-0.606252625755303,-1.0966998981974765,-1.0384927167459876,-1.0276944039596805,-1.0028674071286678,-0.8673608412181641,-1.0136632827076526,-1.0370757406280633,-0.9419369451546045,-1.0156143269603104,-0.7222651783793435,-1.0621683893012384,-0.7339904614117612,"60,300",-1.0558601188975938,-1.0315035445267884,-1.0083062777722647
DISTRICT OF COLUMBIA,-1.0183299614472632,-1.15800754882727,-1.5635834371320105,-1.062722991912028,-1.2309061380567305,-1.1599526693335802,-1.1882561595908339,-1.12281196245292,-1.1834454307562565,-1.1600602805693885,-1.1419868261553394,-1.0944555139776735,-1.1575455060791786,-1.1526923150967767,-1.036982948570843,-1.224916371073671,-0.986594982724889,-0.8769212183264452,-1.2026292986193792,-0.6648553279306026,-0.7043575715431079,-0.6211849564389311,-1.1754480957702969,-1.1608025869482952,-1.1657942622809934,-1.1442178320777117,-0.9060021531075523,-1.1234180078268108,-1.1919387928670846,-1.1389147553524885,-1.1212296823900065,-0.8285674940852157,-1.1922260863614917,-0.71236953357179,"24,300",-1.2095950603751,-1.1848927310204453,-1.1544518374882835
HAWAII,-0.8485626701322762,-1.0612533710744922,-1.4950719914933146,-0.9558593807390011,-1.0758946374618996,-1.0751208920706166,-1.098038647474012,-1.0658408521444438,-1.1125550378633207,-1.076030159065627,-1.0347071413905449,-0.9784113742419949,-1.0630491383457996,-1.0524799025789948,-1.036982948570843,-1.0914364785262385,-0.8960728934317175,-0.8485928229031214,-1.1537880545929122,-0.8558927547558902,0.546434895353917,-0.6211849564389311,-0.6950840905760933,-1.0551132217560573,-1.0495485902933563,-1.02115981506325,-0.8849250738951587,-1.0489415872102392,-1.1183075870479182,-0.8926924926051334,-0.9964115350640019,-0.7709870730778682,-1.0937669142912294,-0.5033672311187356,"50,800",-1.1298450594836436,-1.0315035445267884,-1.0593100972704725
IDAHO,-0.7224337862785206,-0.6537904941986437,0.4917599320288597,-0.7335830694991052,-0.649613010826115,-0.5500414431498594,-0.5998810805680838,-0.6191873473259901,-0.4527290732444577,-0.7078981981920053,-0.6580091573868918,-0.6439312067685687,-0.6686842970051639,-0.6300327498100697,-0.6164709459018809,-0.667756998163629,-0.6029537471490668,-0.4404540888411602,-0.49961139217780914,-0.8220808208045118,-0.6090056794478189,-0.2777413507154836,-0.6557099917896833,-0.6242585918796363,-0.593865556101819,-0.6353563022611536,-0.7812961011008906,-0.6648000492931859,-0.6047893064639241,-0.3756257408356875,-0.5835515092933716,-0.5982458100558258,-0.6376490753052705,-0.6907486057318188,"1,62,400",-0.5783209569330905,-0.5074238240067942,-0.639509429092915
ILLINOIS,1.9307636601846103,1.94177724030889,-0.15909880153874878,1.7499272541620392,1.6540301230137313,2.0855941193994574,1.959550513180879,1.9855318159775435,1.2104686061667258,1.93704991199782,2.0885945900572196,2.0882256714199787,1.938785476651212,1.9357505706883102,1.974323976908766,1.8606143593308186,2.030807993714162,2.730227798910117,1.1350902450110625,1.4619153176110948,1.5672610342564217,-0.5017263109699059,0.5727618903463124,2.0320390421655987,1.972373898697257,1.951079316610372,2.0096604712735506,1.3382236841314485,1.9333496141283788,2.2958858099731168,1.610367464859862,2.0836730299402437,1.6287436808609055,2.3722161715974264,"8,73,300",1.9842483488200893,2.1896693718400053,1.9950340165260567
INDIANA,0.4898984908756498,0.6164275601481999,0.08069125819668586,0.35535712835403865,0.42685574330465437,0.7794772729196906,0.878901618042428,0.6273405462234699,1.3413431776613765,0.6095740639562549,0.3550524112442917,0.5028579388546068,0.5591385077438762,0.6917344152951563,0.7379871900356002,0.6241376761347359,0.3712363566726839,-0.13408773833706591,1.3015944860103819,0.05702946193132483,-0.04250326170522026,-0.3822676655008807,0.44676477422980004,0.5366197580544596,0.5555716485119363,0.4954470973311979,-0.03832905886401926,0.5503415502403497,0.7585756012845148,0.5477077444668945,0.3669866895738937,-0.046802547331613265,0.7961912398202695,0.9236140063193599,"5,10,300",0.9042603849406089,0.5976755423225063,0.5321071553418809
IOWA,-0.41525130667498417,-0.6599973659790106,-0.9127247035644016,-0.6609158139014469,-0.5204367603304226,-0.7533451852110996,-0.5998810805680838,-0.5622162370175139,-0.5754239840206926,-0.6888913849947259,-0.6214365375807119,-0.6780618361025917,-0.6680543212202746,-0.6455829517524841,-0.602296384014163,-0.6528596887275316,-0.7107181391647472,-0.5799976662967922,-0.46927061937348874,-0.6902142783941364,-0.39025722111156796,-0.5017263109699059,-0.8604553054790158,-0.6758247740903651,-0.6677978034859562,-0.6619634410750912,-0.6741542817712236,-0.6922387305729755,-0.6328166686789618,-0.7203369086819847,-0.554747321448909,-0.5450946522028896,-0.6523034637064258,-0.30877888055899533,"1,60,700",-0.616754692302467,-0.6166555174189438,-0.6424519571408885
KANSAS,-0.4682555740991204,-0.2627575720355309,0.7658057145836427,-0.23666727754453024,-0.1156845087772534,-0.16683582861716179,-0.3782598008028479,-0.3730721507933728,-0.28368275173053414,-0.27774400477989303,-0.2520530775382948,-0.22583099742678597,-0.27998923772853085,-0.2378221008180615,-0.3566039779603874,-0.2303719931198099,-0.2300889507748127,-0.14562893647249414,-0.16068275938808382,-0.5042486416615556,-0.34538574247849085,-0.24787668934822732,0.09239788515210898,-0.22366180445744457,-0.21583463079802326,-0.23347764309230315,-0.29125400941274143,0.060365098815536936,-0.21953183601654297,-0.018603459852022417,-0.3387159126154396,-0.15753412619189688,-0.23785904173625214,-0.5754369905853061,"2,69,500",-0.17092336201769937,-0.18902505810329434,-0.20450569933416068
KENTUCKY,-0.08579167119753543,-0.30474523407918913,-0.6386789210096186,-0.17896092751109574,-0.12429625881029956,-0.3525881684860648,-0.3625697986955746,-0.4870143714103253,-0.2755030910121185,-0.2977511765665029,-0.2971593086325834,-0.3282228854288552,-0.25416023054807385,-0.3725905176523198,-0.2306078722917845,-0.29949550890330173,-0.4003566901595877,-0.5516692708734684,0.12348447858408762,-0.47888969119802177,-0.5248716570107994,-0.606252625755303,-0.45883949785763267,-0.3510856762013119,-0.35625940255908883,-0.3942291067598433,-0.4774348757888841,-0.01803113341243311,-0.34589248600298367,-0.3386924014235842,-0.458733361967367,-0.20404138931321603,-0.2799904083895737,0.13084665218708455,"2,58,000",-0.28142035120465686,-0.2018074903110991,-0.30700375967190546
LOUISIANA,-0.05175548609574897,0.12352891876612489,0.3204813179321205,0.3916907561528678,0.017797616734962,0.07010810097939167,-0.14487101945715708,-0.015293578056142029,-0.09827710877977926,0.13840516838159236,0.18925653478960944,0.13595367351385867,0.23659090588060863,-0.03221387513502631,0.18517927641460502,0.17602660829692665,-0.16111973988477724,-0.25999171799628273,-0.03635959277525881,1.1829668625122236,-0.2668606548706059,-0.2777413507154836,0.013649687579288744,-0.00035040380932921405,-0.003802525092573252,-0.06552007932932154,0.10921049562273534,0.08780378009532645,0.03603970418159646,-0.15402570436306778,0.24216854224788917,0.05728513679705334,0.2196326461623152,-0.43129747165216514,"3,75,300",-0.03256191468794387,-0.06933501106657727,0.048551712791563326
MAINE,-0.8737057200642383,-0.9692456246831717,-0.5701674753709233,-0.9537221085155406,-1.1017298875610382,-0.9712750957659544,-0.8685723666551396,-0.9086005876930494,-1.077109841416853,-0.988998961793874,-0.9554664651438217,-0.8316496681056956,-0.9603630854088608,-0.9764566930827466,-1.0228083866831252,-0.9388880299006014,-0.926246923196108,-0.9167908118851972,-0.7341973672746278,-0.84067738447777,-0.7043575715431079,-0.5763879643880467,-0.9943272413528103,-0.9579471924664194,-0.9630618103345544,-0.9097424212798859,-0.9007328833044539,-0.8647104414745096,-0.9506184537952356,-1.0773591896656498,-0.6843661667489906,-0.8684308624749177,-0.9394378864415626,-0.7411974373584183,"76,000",-1.049134215207953,-0.9931562479033742,-0.943080239375518
MARYLAND,0.3341652168552362,0.12170336824248756,-0.5016560297322274,0.19185580325930754,0.013491741718438924,0.011603427004934028,-0.02915725391601623,0.3607157499798011,0.427947730771628,0.040370026627203986,0.1673129629059015,-0.0005688438222336352,0.14083458657745107,0.09477944072802481,0.314325284724923,-0.05279606464152912,0.4790007486883643,0.5332033538567833,-0.5625129943331075,0.8989466173206454,0.47912767740430134,-0.5465233030207903,0.045148966608416836,0.182475151301437,0.14964176193110768,0.26928641741272763,0.08286414660724345,-0.39433304810668934,0.11157107015093506,0.27686325544480384,0.10774899897373044,0.8456939782822728,-0.09497875482498785,0.26777919517356846,"3,74,800",0.23551338951345738,0.09335048976002848,0.063264353031431
MASSACHUSETTS,0.5127074621417775,-0.6307885576008135,-2.008907833783532,-0.6267194583260783,-0.7960127613878997,-0.7621208863072683,-0.5528110742462637,-0.34800486225764327,-0.8889776448932928,-0.5548433340244397,-0.595835703716386,-0.6115071089012468,-0.5937171786033497,-0.6784111558531368,-0.6810439500570398,-0.6892091237516093,-0.2990581616648481,-0.4750776832474448,-0.6727758028171011,-0.5228452053348136,-0.020067522388681692,-0.6211849564389311,-0.09659778902265959,-0.6003932513523568,-0.5734063178319949,-0.5355795317088873,-0.4598706431118895,-0.6295217447905994,-0.6603689908564564,-0.708025795544617,-0.5835515092933716,-0.3435631786771734,-0.6990143267351083,0.4839884735732799,"1,68,700",-0.8281402368340379,-0.6631370890836883,-0.5688887559415501
MICHIGAN,1.23931501440587,0.6770358375329587,-0.8099575351063579,0.5370252673481843,0.3579617430402851,0.8160426941537267,0.8749791175156096,0.6022732576877403,0.7033296416249551,0.7746332311957864,0.498904715815266,0.704228651925343,0.7720703230364239,0.5422796966263954,0.3206250900083531,0.8470014252987527,0.4940877635705595,-0.29671371206355435,1.2209324314818226,0.7095997871929267,-0.1434640886296438,0.06570225500796387,0.7066338262201067,0.6862043031450865,0.6643775974923646,0.6301457375767574,0.3445712134944629,0.6248179708569213,0.6977704764790096,0.2891743685821716,0.8422557890075264,-0.42771917861098896,0.9189217426799452,0.4047117381600524,"5,26,900",0.4565073678873724,0.3582954482490721,0.7184672650468715
MINNESOTA,0.21060677406385508,-0.3470980062275748,-1.221026208938532,-0.5871799221920584,-0.27930775940513036,-0.3204105978001131,-0.1723285231448854,-0.06998584395227922,-0.15280818023588363,-0.28474651490520647,-0.41175351735861376,-0.4647454027649475,-0.33479713101389075,-0.3622237163573769,-0.48732493759156287,-0.33882440581459883,-0.15680916420415003,-0.46668408460349703,-0.13182202428153517,-0.5431323657056406,-0.020067522388681692,0.40914586073141135,-0.238344544653736,-0.32594183528864246,-0.30836618570018237,-0.2988868593432333,-0.6003845045278463,-0.30417738104452374,-0.26941103995855903,-0.5110479853467329,-0.3867228923562106,-0.4077874944161379,-0.29922429316609,-0.24391609703908193,"2,46,400",-0.3256191468794399,-0.48069692029956607,-0.2991570182106427
MISSISSIPPI,-0.4661874031293938,0.11586160656684816,2.204546072996252,0.6716734174261982,0.3235147429081005,-0.08346666820355964,-0.23901103210079708,-0.4710624605239519,-0.0028477337315965844,0.2304381585999978,0.09172954863979635,0.023322596711582523,0.10555594262365618,0.1293354450445013,0.07020782999200488,0.22846513751198944,-0.2387101021360671,-0.6293100583299854,-0.013419008459797056,1.720576612339139,-0.5809610053021458,-0.18814736661371473,0.28139355932687754,0.004763597732230679,-0.007987369284128187,-0.19190398869552552,0.4095588743993429,0.5699406082973422,-0.03569134148739807,0.030640992697448625,0.23736784427381208,-0.5362361258940669,0.3359518540964855,-0.6691276778918477,"3,73,200",0.04718808620351241,-0.09606191477380535,0.02991570182106427
MISSOURI,0.31082443019689304,0.8636071010486922,0.9028286058610342,1.0264606065206474,0.9005019951221929,0.9169632567596661,0.6494353372235554,0.543023302966925,0.9977974274879188,0.8206497263049891,0.7500367051510347,0.9636214348639184,0.7443513885012993,1.0234720567333306,0.4166971205806628,1.152694214927471,0.36045991747111583,-0.32399290765638467,1.6131424213913301,0.560827277806862,-0.18272663243358628,-0.20307969729734288,1.6516121970939495,0.8839456960854024,0.8982638895314904,0.7726047933097154,1.0998332186052304,1.6792472943231183,0.863084409543977,0.7323744415274109,0.7078362457333677,-0.3413485470999677,1.20514026614001,-0.09256960215928392,"5,78,000",0.9455766504626887,0.74525453235807,0.8533331339123251
MONTANA,-0.9288963396563712,-0.9287184030584232,0.35473704075146884,-0.9569280168507314,-0.8864361367348843,-0.9127704217914967,-0.9156423729769596,-0.8014949003131141,-0.8071810377091362,-0.9839971688472215,-0.9140174960301513,-0.8777260177066268,-0.9540633275599689,-0.8892027821836435,-1.0023340195119772,-0.9269701823517235,-0.7581344716516466,-0.8695768195129909,-0.7674982154744916,-0.8778705118242861,-0.7211843760305118,1.5738676540544072,-1.0730754389256305,-0.9200183476998501,-0.9179584896033511,-0.9230459906868548,-0.8849250738951587,-0.9666255433708706,-0.9078648504163647,-0.5972257773083072,-0.7947822201527639,-0.819708967776393,-0.8995962679759216,-0.7195765095184471,"87,100",-0.9309504789471201,-0.9060033010319782,-0.9318005485249528
NEBRASKA,-0.7063315980142206,-0.7395913688095974,-0.09058735590005335,-0.7485439750633289,-0.37834288478516115,-0.6875274269898348,-0.8293473613869562,-0.7855429894267407,-0.580877091166303,-0.7439111074079031,-0.7494407069023417,-0.7753341297045576,-0.7745202288665485,-0.6879140570401678,-0.710968025153333,-0.7535655005155499,-0.6676123823584751,-0.4404540888411602,-0.6971964248303346,-0.7426227760187728,-0.6258324839352228,-0.17321503593008658,-0.8053315671780417,-0.7252601223254441,-0.728710535607478,-0.7561970577077872,-0.7145520169283112,-0.6883189189615769,-0.7092981147233864,-0.7942035875061914,-0.6843661667489906,-0.41886065230216624,-0.7722862687408849,-0.6186788462652484,"1,38,900",-0.6542275842876092,-0.7723687824958378,-0.7488733882092646
NEVADA,-0.4153694878732543,0.052332448344269616,1.6564545078866864,-0.1180486691424704,0.5043614936020697,0.1637155793385239,0.11401401531285293,-0.07226468836461826,0.40613530218918625,-0.02665399885793909,0.03687061893052648,-0.015927627022544022,0.009799623320498621,0.11032964267043924,0.1977788869814653,0.0008342493284214534,0.037166741424074674,0.9591784850371335,-0.5262520707377002,-0.3791444860414557,0.7427476143736295,-0.0985533825119458,0.30501801859872363,0.133892136656618,0.13941214279619563,0.26152600192532915,0.05124852778865317,-0.13562548175438818,0.06026674609628997,-0.2771368357367454,-0.03147124227450538,0.13701187357645755,-0.04368839542094427,-0.4529183994921363,"3,55,800",0.23167001597651973,0.08056805755222374,-0.03236780852770889
NEW HAMPSHIRE,-0.8594648856726922,-0.9980893229566412,-0.9127247035644016,-0.9943302807612908,-1.0758946374618996,-1.0634199572757252,-0.9411386264012788,-0.7901006782514188,-1.0443911985431902,-1.0180093608844583,-0.9518092031632038,-0.9442807449079719,-0.9994215840719909,-0.9911429949172491,-0.9850095549825443,-1.009203330438981,-0.8939176055914039,-0.8643308203605236,-0.8274397422342465,-0.8643457382437348,-0.5585252659856071,-0.6211849564389311,-1.0966998981974765,-0.9809601994034388,-0.9709665160297137,-0.9324693523501243,-0.9305920788553447,-1.0293425291532468,-0.9981224575495365,-0.9296258320172367,-0.948404555323231,-0.7975626520043363,-1.0003451882338643,-0.553816062745335,"68,100",-1.0251131306020926,-0.9861840121536625,-0.974957626561898
NEW JERSEY,1.0847635523681576,1.1524091938881154,-0.09058735590005335,0.9644797120402918,1.2320543713944698,1.2957810207442793,1.0416853899053888,1.2563016040290476,0.7442279452170334,1.0337261058323843,1.4546691800834344,1.1223288612671258,1.0851682881263536,1.238583183603397,1.27504559044802,0.9929950577725071,1.46827786739231,2.6567838107755737,-0.0807607237084106,0.6436665159877389,1.3989929893823825,-0.5913202950716748,1.131874093113336,1.2555631414387547,1.3344176508291048,1.3463212239852467,0.7257150625852457,0.3621905928932216,1.2559425205920465,1.4710412297694766,0.9478711444372225,3.0381792397158884,0.4829536877455747,2.321767339970827,"6,57,100",1.3337573776933915,1.4157512036220095,1.2397851508795161
NEW MEXICO,-0.6811294574831235,-0.48182363487200863,1.1426186655964687,-0.4023058748627219,-0.21902550917380725,-0.4783732175311487,-0.5802685779339921,-0.614629658501312,-0.37093246606030117,-0.5238322177551945,-0.48489875697097357,-0.44768008809793597,-0.5174901086317572,-0.430471824882418,-0.33297970814752437,-0.4824344687785776,-0.646059503955339,0.4524149669087858,-0.9909839078380223,-0.7950312736434092,-0.6426592884226268,4.201957854372962,-0.8525804857217338,-0.492999218979599,-0.5636416813850333,-0.5394597394525865,-0.05062402173791548,-0.633441556401998,-0.49743025797920387,-0.708025795544617,-0.5835515092933716,-0.08223665256690403,-0.5451432485229776,-0.2871579527190242,"2,09,500",-0.4274685456082877,-0.44815982013424494,-0.5473102169230776
NEW YORK,3.6420569564351086,2.4361363221098746,-0.8784689807450536,2.3312652989433054,1.8865473739059775,1.9832109399441564,2.5734218456279483,3.1568578439198145,1.94391151725133,2.3762073327139066,2.634745712496173,2.427825433293509,2.587030559302193,2.2165181057596817,2.459408983732887,2.039977964941431,3.6364974347477994,2.8960013721280857,1.23573280845954,1.7391731760123972,5.168197194560861,-0.0985533825119458,2.3524711554920494,2.5319326928530783,2.574526479593217,2.67501521850626,2.157200025760305,1.2049500893438996,2.3409339663402817,2.6898414303688853,2.6713217171309003,3.40580808153203,1.9470186789484973,3.1505695738363877,"10,08,700",1.9784832885146828,2.4685588018284723,2.4825128298070056
NORTH CAROLINA,1.3948710166288785,2.7274941856823904,1.2453858340545125,2.7715433769761764,3.2902626292925006,2.7744866554486958,2.7381668677543183,1.8647530621235737,2.2929103745703983,2.611291601206573,2.879782265197578,2.827153796501579,2.5738010678195202,2.924052294139538,2.8893706943269946,2.7765009434620858,2.1040877802848246,2.1877914865449912,2.277679347690835,3.0155736826769295,0.3949936549672817,1.5141383313198946,2.7698366026279966,2.8153336116145224,2.7981831524974305,2.840201205309456,3.6027363750769603,2.737596429400714,2.7556439191153297,2.591352525269943,2.8729510320421388,2.0814583983630377,2.8024686018659386,0.3182280268001678,"10,88,500",2.723136911296353,2.7056148173186694,2.7581296236338604
NORTH DAKOTA,-0.9985346107370229,-1.0378863243719347,0.012179812557990421,-1.0157030029958962,-1.1318710126766998,-0.9976021990544602,-1.0333173887815095,-0.9587351647645085,-0.965321144931839,-1.0430183256177208,-1.0590888879279983,-0.9835309686420983,-1.0347002280257858,-1.0369297006365805,-1.01965848404141,-1.0485322273502782,-0.9391786502379896,-0.8779704181569387,-0.9414026449626695,-0.820390224106943,-0.7380111805179157,0.45394285278229585,-1.1518236364984507,-1.025281546096958,-1.017929767512719,-0.9945526762493123,-0.958694851138536,-0.9862246014278632,-1.0323253402526333,-0.6464702298577782,-0.9820094411417707,-0.8551430730116838,-1.030111914673711,-0.7484044133050752,"57,200",-1.0760378299665165,-1.104712019898761,-1.0416549289826313
OHIO,1.6679582205314933,1.6044155035407146,-0.22761024717744482,1.4325423289781494,1.1976073712622852,1.7623557956905789,1.7418517339424615,1.557109066457802,2.491948785385179,1.6029301431614351,1.0767521087529086,1.6991364970121159,1.5809592308341496,1.6290660323795814,1.3994667447957654,1.7414358838420394,1.2570596590415766,-0.20123652748864823,2.613647905085017,1.2894744544590653,0.6473957222783405,-0.39719999618450885,1.6043632785502575,1.434127028598221,1.4023051232698847,1.49155185667799,0.7889463002224262,1.9418746722868179,1.666377113029207,1.298685645846328,1.3607311702078528,0.40719692599554963,1.928242743809517,2.192041772931,"7,80,900",1.6835043695547178,1.2077461704222778,1.5355092197008564
OREGON,-0.1698480484671383,-0.2890454995759082,-0.39888886127418405,-0.39375678596887975,-0.33528413461993034,-0.2648311575243783,-0.15075477024738457,-0.197601131043266,-0.4772680553997047,-0.3017526109238249,-0.17768875059906233,-0.2872661302280275,-0.25857006104229824,-0.3293955122567242,-0.23218282361264203,-0.3072421098100724,-0.27534999542139843,-0.04910255206709457,-0.1473624201081383,-0.8034842571312538,-0.171508762775317,-0.26280902003185547,-0.1753459865954798,-0.24880564537011404,-0.22792418068473752,-0.24400963553948682,0.07583845353644561,-0.006271698578237604,-0.2903128016104515,-0.2525146094620099,-0.2523033490820519,-0.190753599849982,-0.307925336279276,-0.38084864002556584,"2,62,300",-0.34483601456412816,-0.24712702268422498,-0.215294968843397
PENNSYLVANIA,1.9107614923773972,1.4017793954169726,-0.6386789210096186,1.398345973402781,1.0469017456839775,1.248977281564713,1.347640430997219,1.7029551088475012,1.9466380708241353,1.4548770719405222,1.071875759445418,1.3510040778050805,1.5444206353105763,1.198843778639449,1.6845329338709794,1.2796192913230207,1.3411158848138074,0.48598936148457694,1.9927720908697777,0.7265057541686158,0.8493173761271876,-0.4867939802862778,1.0688755350550798,1.1153542658409876,1.076817241704501,1.1063026592678504,1.0084992086848585,1.3147048144630575,1.3452500476501323,1.040152269961605,1.4279409418449323,1.1623862938226839,1.4382366316458866,2.7037370651436508,"7,25,400",1.5028658133186483,1.3553251604578416,1.3202142508574595
RHODE ISLAND,-0.9263554438935642,-1.0806042066250479,-1.25528193175788,-1.0573798113533766,-1.1017298875610382,-1.086821826865508,-1.0411623898351463,-1.0065908974236286,-1.2216171807755296,-1.0820323106016099,-1.0188590061412004,-1.0159550665094204,-1.074388702473805,-1.0835803064638239,-0.9802847010199717,-1.123614666908209,-0.9736632556830074,-0.7583616374806827,-1.0709059435176955,-0.8119372406190983,-0.6482682232517615,-0.6211849564389311,-1.2226970143139888,-1.0721598935612568,-1.065358001683675,-1.0322461229023907,-0.9200535392491479,-1.0763802684900288,-1.0817295041571062,-0.9788702845667078,-1.1116282864418523,-0.7532700204602228,-1.1194120939932513,-0.6979555816784759,"45,500",-1.1529053007052696,-1.0361517016932629,-1.0548963051985123
SOUTH CAROLINA,0.05717803340970826,0.6810520486849607,1.2796415568738604,0.9794406176045156,0.7282669944612697,0.5396081096244142,0.44154280930218376,0.42224454911295545,0.3952290878979654,0.7016070541746603,0.6854250768267836,0.7793160364601938,0.6385154566399147,0.734929420690752,0.6308905002172878,0.7647682772114952,0.3906339472355064,0.020144636745474693,0.6659182948174253,1.57856648974335,-0.12663728414223988,-0.4718616496026496,0.5255129718026202,0.663617463003197,0.6583328225490075,0.6107446988582612,0.7011251368374531,1.005039697162576,0.5913615080693753,0.26455214230743607,0.7126369437074447,-0.09552444203013806,0.8676313832759016,-0.43129747165216514,"5,28,000",0.5131971275572028,0.5639764028655665,0.6463753278715199
SOUTH DAKOTA,-0.9727711095141428,-0.9345601647340627,0.9713400514997296,-0.8447212251190531,-0.9596360120157765,-0.9478732261761713,-0.9627123792987796,-0.9291101874041009,-0.8017279305635258,-0.9299778050233749,-0.9420565045482224,-0.9596395281082822,-0.9691827463973095,-0.8822915813203481,-0.9739848957365416,-0.9073057338960749,-0.9025387569526583,-0.8632816205300301,-0.8970015140295177,-0.800103063736116,-0.6931397018848385,2.9327097462645693,-0.9864524215955282,-0.9383435198904397,-0.9728264467815159,-0.9402297678375229,-0.6355129698818355,-0.9078283691998931,-0.9629694947713539,-0.9911813977040755,-0.9676073472195393,-0.8595723361660951,-0.9073814118140354,-0.6979555816784759,"85,500",-0.8752215626615242,-1.0163970337357464,-0.9651491997353195
TENNESSEE,0.5187347032535522,1.3897307619609662,1.2796415568738604,1.6783286346761113,1.5076303724519466,1.430341770885532,1.2495779178267605,0.6159463241617746,0.8969149452941257,1.4268670314392682,1.404686599681655,1.5336029447421038,1.4083458657745103,1.3569374983873288,1.2482714179934418,1.568031202005866,0.8238468031385415,0.424086571485462,1.8721490185013823,1.3283581785031504,-0.18272663243358628,-0.5017263109699059,1.2027474709288744,1.3182096603228635,1.3107035337436268,1.2897810540056291,1.6478372781274617,2.2750586592556905,1.3015463641961753,0.5600188576042623,1.8215981757192543,0.6973136626094927,1.5843225660199034,-0.01329286674605639,"7,22,100",1.1108417125510077,1.2879268815439622,1.3947582947394557
UTAH,-0.31955408137577723,-0.12292040192491259,0.5602713776675557,-0.4023058748627219,0.06946811693323893,0.11837445700831922,0.05713775767398711,-0.19987997545560504,0.8996414988669309,-0.2157217722414024,-0.24473855357705884,-0.4289082419642233,-0.1577739354600271,-0.07454498042271002,-0.3912529070192532,-0.09510442344004569,0.1535522848010095,0.34749498385943844,-0.05115996975297608,-0.7848876934579957,-0.4014750907698373,0.020905262957079413,-0.5060884164013247,-0.03998391575641839,-0.04751089775992479,-0.005654016997961757,-0.5670124624415566,-0.3864934248838923,-0.018114860098306693,0.1906854634832295,-0.5787508113192945,-0.2062560208904217,-0.11238084105135979,-0.5898509424786202,"3,07,800",0.3335194147053675,-0.07165908964981449,-0.2182374968913705
VERMONT,-1.0395730318363123,-1.168960851969094,-1.5635834371320105,-1.130047066951035,-1.2438237631062996,-1.1467891176893272,-1.1254961511617405,-1.1319273401022762,-1.2816013593772444,-1.1750656594093458,-1.124919603579122,-1.0825097937107653,-1.1506157724453976,-1.188112219521165,-1.0952561474425717,-1.2052519226180225,-1.0426324665730429,-0.9283320100206255,-1.0886663958909562,-0.8778705118242861,-0.6875307670557039,-0.6211849564389311,-1.3014452118868092,-1.169752089646025,-1.1723040199123012,-1.1298056318868288,-1.0026054328310225,-1.2057340516661792,-1.1757874315906223,-1.1142925290777532,-1.145233172260392,-0.8684308624749177,-1.1899363381738113,-0.7556113892517323,"21,300",-1.2268902412913194,-1.144221355813794,-1.1475859387096787
VIRGINIA,0.9473779093791757,0.8968321205788914,-0.22761024717744482,0.71869340634233,1.133019246014439,1.0003324171732682,0.7945678567158337,0.9851191189607007,1.063234713235244,0.8686669385928528,0.9024226210101177,0.782729099393596,0.918224705130717,0.862786636661715,0.8513836851373427,0.8148232369167824,1.183779872470914,1.0063924774093398,0.4046916411607156,0.9327585512720237,1.20268027036267,-0.4718616496026496,1.6988611156376416,0.9154820389250218,0.9498769678940013,0.9206070029622438,0.3147120179435721,0.7502519424216734,0.9381407354757727,0.6954411021153077,0.775046017370447,1.0029328202638754,0.7989389376454861,0.512816377359908,"5,87,100",1.0964290617874914,0.9497734476829459,0.8852105210987051
WASHINGTON,0.725374528428808,0.5496124109830741,-0.39888886127418405,0.07430583096897797,0.3105971178585313,0.5893370825027032,0.6847378419649205,1.3930322687693906,0.2561748556848992,0.6795991652093895,0.6098416625606784,0.3953464564524341,0.5093704207376298,0.6027527041802293,0.4985945892652547,0.5252195414790493,0.6622002151150209,0.8773408982586426,0.3995115092185146,-0.473817901105315,1.298032162457959,0.8272511198729996,0.9665028782104136,0.6687314645447568,0.7155256931669249,0.7387915544003363,0.6976122903020543,0.43274720189839466,0.6265144708475581,1.0770856093737082,0.49180483689989823,0.7770403993888969,0.4051022493644371,0.32543500274682485,"4,92,000",0.6957573705617413,0.8207870863132799,0.6664826028660057
WEST VIRGINIA,-0.7736062451294704,-0.8177249312212745,-0.15909880153874878,-0.6822885361360523,-0.8562950116192227,-0.8703545331600149,-0.8234636105967288,-0.8812544547449808,-0.9707742520774494,-0.828941587500995,-0.7530979688829595,-0.7446165633039368,-0.7864897687794432,-0.8555106779750788,-0.8668882059182291,-0.7851477965200764,-0.7990849406176052,-0.883216417309406,-0.48925112829340706,-0.7612193396920309,-0.749229050176185,-0.5913202950716748,-0.8998294042654259,-0.830523320722552,-0.84914105178667,-0.8033138660241351,-0.6776671283066225,-0.649120802847592,-0.8670114071876658,-0.757270248094088,-0.8763940857120746,-0.8662162308977122,-0.7530523839643685,-0.7484044133050752,"1,17,500",-0.9530498767845116,-0.7956095683282101,-0.8258695387979055
WISCONSIN,0.23947253174132505,-0.04989838097942,-0.6729346438289667,-0.24307909421491186,0.09099749201585432,-0.07030311655930667,0.11401401531285293,0.13511015315823524,0.2561748556848992,0.014360703304611153,-0.19475597317527962,-0.1473305499585329,0.026808969512506872,-0.15488769045851788,0.015084533761991118,-0.0670974817001826,-0.07275293843191932,-0.2022857273191417,0.19970642001933153,-0.28447107097759633,-0.00884965273041241,-0.18814736661371473,-0.24621936441101802,-0.11839860606033675,-0.10749366450554552,-0.06773734089714968,-0.19113788315387223,-0.28849813459892976,-0.00813901930990348,0.10450767152165519,-0.06987682606712216,-0.28155349451541456,0.011723510720924249,-0.006085890799399343,"3,27,800",-0.010462516850552373,-0.2041315688943363,-0.042666656695616256
WYOMING,-1.050977517469376,-0.9984544330613687,1.9305002904414694,-0.9718889224149552,-0.9338007619166381,-1.0151536012467977,-0.9725186306158254,-0.9564563203521694,-0.9380556092037867,-1.0220107952417803,-0.9713146003931664,-0.9749983113085926,-1.016430930263999,-0.9686815921115394,-1.0259582893248402,-0.9835799582088935,-0.9305574988767352,-0.7940344317174608,-0.8873812689940014,-0.8643457382437348,-0.7267933108596464,-0.14335037456283026,-1.0022020611100924,-0.9899097021011687,-0.9830560659164279,-0.9757059529227731,-0.9130278461783501,-0.9823047898164646,-0.9957472573618215,-0.8926924926051334,-0.9388031593750767,-0.839640651971244,-0.9815692530948842,-0.8060602208783316,"68,000",-0.965540840779559,-0.9838599335704253,-0.9945744802150549
